Workbook

Sheet Totals
A1: Week Ending | B1: Total Hours | C1: Notes
A2: ='week 1'!C17 -> 46145 | B2: ='week 1'!G18 -> 9
A3: =A2+7 -> 46152 | B3: ='week 2'!G18 -> 35
A4: =A3+7 -> 46159 | B4: ='week 3'!G18 -> 40
A5: =A4+7 -> 46166 | B5: ='week 4'!G18 -> 36.5
A6: =A5+7 -> 46173 | B6: ='week 5 if applicable'!G18 -> 27
A8: Month Total: | B8: =SUM(B2:B6) -> 147.5

Sheet week 1
J1: Weekly Time Record
B4: 14159A Robert Paris Court | H4: Week Ending | I4: =C17 -> 46145
B5: Chantilly, VA 20151
I6: Desiree Anson
B7: Phone: | C7: 703-232-1567 | I7: des.anson@gmail.com
B8: Timesheets@ajace.com | I8: (410) 300-9217
B10: Day | C10: Date | D10: In | E10: Out | F10: Time out (HH:MM) | G10: Regular (billable) Hrs. | H10: Sick Hrs. (nonbillable) | I10: Vacation Hrs. (nonbillable) | J10: Total Hrs.
B11: Monday | C11: 46139 | G11: =((E11-D11)-F11)*24 -> 0 | J11: =SUM(G11:I11) -> 0
B12: Tuesday | C12: =C11+1 -> 46140 | G12: =((E12-D12)-F12)*24 -> 0 | J12: =SUM(G12:I12) -> 0
B13: Wednesday | C13: =C12+1 -> 46141 | G13: =((E13-D13)-F13)*24 -> 0 | J13: =SUM(G13:I13) -> 0
B14: Thursday | C14: =C13+1 -> 46142 | G14: =((E14-D14)-F14)*24 -> 0 | J14: =SUM(G14:I14) -> 0
B15: Friday | C15: =C14+1 -> 46143 | D15: 0.33333333 | E15: 0.70833333 | G15: =((E15-D15)-F15)*24 -> 9 | J15: =SUM(G15:I15) -> 9
B16: Saturday | C16: =C15+1 -> 46144 | G16: =((E16-D16)-F16)*24 -> 0 | J16: =SUM(G16:I16) -> 0
B17: Sunday | C17: =C16+1 -> 46145 | G17: =((E17-D17)-F17)*24 -> 0 | J17: =SUM(G17:I17) -> 0
F18: Total Hrs. | G18: =SUM(G11:G17) -> 9 | H18: =SUM(H11:H17) -> 0 | I18: =SUM(I11:I17) -> 0 | J18: =SUM(J11:J17) -> 9
F22: Desiree Anson | J22: =EOMONTH(C17, 0) -> 46173
F23: Employee signature | J23: Date
F24: Eric Morris | J24: 46173
F25: Manager signature | J25: Date

Sheet week 2
J1: Weekly Time Record
B4: 14159A Robert Paris Court | H4: Week Ending | I4: =C17 -> 46152
B5: Chantilly, VA 20151
I6: Desiree Anson
B7: Phone: | C7: 703-232-1567 | I7: des.anson@gmail.com
B8: Timesheets@ajace.com | I8: (410) 300-9217
B10: Day | C10: Date | D10: In | E10: Out | F10: Time out (HH:MM) | G10: Regular (billable) Hrs. | H10: Sick Hrs. (nonbillable) | I10: Vacation Hrs. (nonbillable) | J10: Total Hrs.
B11: Monday | C11: ='week 1'!C17+1 -> 46146 | D11: 0.29166667 | E11: 0.70833333 | G11: =((E11-D11)-F11)*24 -> 10 | J11: =SUM(G11:I11) -> 10
B12: Tuesday | C12: =C11+1 -> 46147 | D12: 0.33333333 | E12: 0.70833333 | G12: =((E12-D12)-F12)*24 -> 9 | J12: =SUM(G12:I12) -> 9
B13: Wednesday | C13: =C12+1 -> 46148 | D13: 0.39583333 | E13: 0.625 | F13: 0.125 | G13: =((E13-D13)-F13)*24 -> 2.5 | J13: =SUM(G13:I13) -> 2.5
B14: Thursday | C14: =C13+1 -> 46149 | D14: 0.33333333 | E14: 0.6875 | F14: 0.083333333 | G14: =((E14-D14)-F14)*24 -> 6.5 | J14: =SUM(G14:I14) -> 6.5
B15: Friday | C15: =C14+1 -> 46150 | D15: 0.33333333 | E15: 0.66666667 | F15: 0.041666667 | G15: =((E15-D15)-F15)*24 -> 7 | J15: =SUM(G15:I15) -> 7
B16: Saturday | C16: =C15+1 -> 46151 | G16: =((E16-D16)-F16)*24 -> 0 | J16: =SUM(G16:I16) -> 0
B17: Sunday | C17: =C16+1 -> 46152 | G17: =((E17-D17)-F17)*24 -> 0 | J17: =SUM(G17:I17) -> 0
F18: Total Hrs. | G18: =SUM(G11:G17) -> 35 | H18: =SUM(H11:H17) -> 0 | I18: =SUM(I11:I17) -> 0 | J18: =SUM(J11:J17) -> 35
B21: 46148 | C21: ill
F22: Desiree Anson | J22: ='week 1'!J22 -> 46173
F23: Employee signature | J23: Date
F24: Eric Morris | J24: 46173
F25: Manager signature | J25: Date

Sheet week 3
J1: Weekly Time Record
B4: 14159A Robert Paris Court | H4: Week Ending | I4: =C17 -> 46159
B5: Chantilly, VA 20151
I6: Desiree Anson
B7: Phone: | C7: 703-232-1567 | I7: des.anson@gmail.com
B8: Timesheets@ajace.com | I8: (410) 300-9217
B10: Day | C10: Date | D10: In | E10: Out | F10: Time out (HH:MM) | G10: Regular (billable) Hrs. | H10: Sick Hrs. (nonbillable) | I10: Vacation Hrs. (nonbillable) | J10: Total Hrs.
B11: Monday | C11: ='week 2'!C17+1 -> 46153 | D11: 0.33333333 | E11: 0.70833333 | G11: =((E11-D11)-F11)*24 -> 9 | J11: =SUM(G11:I11) -> 9
B12: Tuesday | C12: =C11+1 -> 46154 | D12: 0.35416667 | E12: 0.70833333 | G12: =((E12-D12)-F12)*24 -> 8.5 | J12: =SUM(G12:I12) -> 8.5
B13: Wednesday | C13: =C12+1 -> 46155 | D13: 0.29166667 | E13: 0.625 | F13: 0.020833333 | G13: =((E13-D13)-F13)*24 -> 7.5 | J13: =SUM(G13:I13) -> 7.5
B14: Thursday | C14: =C13+1 -> 46156 | D14: 0.375 | E14: 0.6875 | G14: =((E14-D14)-F14)*24 -> 7.5 | J14: =SUM(G14:I14) -> 7.5
B15: Friday | C15: =C14+1 -> 46157 | D15: 0.35416667 | E15: 0.70833333 | F15: 0.041666667 | G15: =((E15-D15)-F15)*24 -> 7.5 | J15: =SUM(G15:I15) -> 7.5
B16: Saturday | C16: =C15+1 -> 46158 | G16: =((E16-D16)-F16)*24 -> 0 | J16: =SUM(G16:I16) -> 0
B17: Sunday | C17: =C16+1 -> 46159 | G17: =((E17-D17)-F17)*24 -> 0 | J17: =SUM(G17:I17) -> 0
F18: Total Hrs. | G18: =SUM(G11:G17) -> 40 | H18: =SUM(H11:H17) -> 0 | I18: =SUM(I11:I17) -> 0 | J18: =SUM(J11:J17) -> 40
F22: Desiree Anson | J22: ='week 1'!J22 -> 46173
F23: Employee signature | J23: Date
F24: Eric Morris | J24: 46173
F25: Manager signature | J25: Date

Sheet week 4
J1: Weekly Time Record
B4: 14159A Robert Paris Court | H4: Week Ending | I4: =C17 -> 46166
B5: Chantilly, VA 20151
I6: Desiree Anson
B7: Phone: | C7: 703-232-1567 | I7: des.anson@gmail.com
B8: Timesheets@ajace.com | I8: (410) 300-9217
B10: Day | C10: Date | D10: In | E10: Out | F10: Time out (HH:MM) | G10: Regular (billable) Hrs. | H10: Sick Hrs. (nonbillable) | I10: Vacation Hrs. (nonbillable) | J10: Total Hrs.
B11: Monday | C11: ='week 3'!C17+1 -> 46160 | D11: 0.29166667 | E11: 0.70833333 | F11: 0.041666667 | G11: =((E11-D11)-F11)*24 -> 9 | J11: =SUM(G11:I11) -> 9
B12: Tuesday | C12: =C11+1 -> 46161 | D12: 0.3125 | E12: 0.6875 | G12: =((E12-D12)-F12)*24 -> 9 | J12: =SUM(G12:I12) -> 9
B13: Wednesday | C13: =C12+1 -> 46162 | D13: 0.30208333 | E13: 0.51041667 | G13: =((E13-D13)-F13)*24 -> 5 | J13: =SUM(G13:I13) -> 5
B14: Thursday | C14: =C13+1 -> 46163 | D14: 0.33333333 | E14: 0.66666667 | F14: 0.041666667 | G14: =((E14-D14)-F14)*24 -> 7 | J14: =SUM(G14:I14) -> 7
B15: Friday | C15: =C14+1 -> 46164 | D15: 0.33333333 | E15: 0.66666667 | F15: 0.0625 | G15: =((E15-D15)-F15)*24 -> 6.5 | J15: =SUM(G15:I15) -> 6.5
B16: Saturday | C16: =C15+1 -> 46165 | G16: =((E16-D16)-F16)*24 -> 0 | J16: =SUM(G16:I16) -> 0
B17: Sunday | C17: =C16+1 -> 46166 | G17: =((E17-D17)-F17)*24 -> 0 | J17: =SUM(G17:I17) -> 0
F18: Total Hrs. | G18: =SUM(G11:G17) -> 36.5 | H18: =SUM(H11:H17) -> 0 | I18: =SUM(I11:I17) -> 0 | J18: =SUM(J11:J17) -> 36.5
F22: Desiree Anson | J22: ='week 1'!J22 -> 46173
F23: Employee signature | J23: Date
F24: Eric Morris | J24: 46173
F25: Manager signature | J25: Date

Sheet week 5 if applicable
J1: Weekly Time Record
B4: 14159A Robert Paris Court | H4: Week Ending | I4: =C17 -> 46173
B5: Chantilly, VA 20151
I6: Desiree Anson
B7: Phone: | C7: 703-232-1567 | I7: des.anson@gmail.com
B8: Timesheets@ajace.com | I8: (410) 300-9217
B10: Day | C10: Date | D10: In | E10: Out | F10: Time out (HH:MM) | G10: Regular (billable) Hrs. | H10: Sick Hrs. (nonbillable) | I10: Vacation Hrs. (nonbillable) | J10: Total Hrs.
B11: Monday | C11: ='week 4'!C17+1 -> 46167 | G11: =((E11-D11)-F11)*24 -> 0 | J11: =SUM(G11:I11) -> 0
B12: Tuesday | C12: =C11+1 -> 46168 | D12: 0.375 | E12: 0.70833333 | G12: =((E12-D12)-F12)*24 -> 8 | J12: =SUM(G12:I12) -> 8
B13: Wednesday | C13: =C12+1 -> 46169 | D13: 0.41666667 | E13: 0.45833333 | G13: =((E13-D13)-F13)*24 -> 1 | J13: =SUM(G13:I13) -> 1
B14: Thursday | C14: =C13+1 -> 46170 | D14: 0.375 | E14: 0.70833333 | G14: =((E14-D14)-F14)*24 -> 8 | J14: =SUM(G14:I14) -> 8
B15: Friday | C15: =C14+1 -> 46171 | D15: 0.33333333 | E15: 0.70833333 | G15: =((E15-D15)-F15)*24 -> 9 | J15: =SUM(G15:I15) -> 9
B16: Saturday | C16: =C15+1 -> 46172 | D16: 0.58333333 | E16: 0.625 | G16: =((E16-D16)-F16)*24 -> 1 | J16: =SUM(G16:I16) -> 1
B17: Sunday | C17: =C16+1 -> 46173 | G17: =((E17-D17)-F17)*24 -> 0 | J17: =SUM(G17:I17) -> 0
F18: Total Hrs. | G18: =SUM(G11:G17) -> 27 | H18: =SUM(H11:H17) -> 0 | I18: =SUM(I11:I17) -> 0 | J18: =SUM(J11:J17) -> 27
B21: 46167 | C21: Memorial Day
B22: 46169 | C22: Personal Day | F22: Desiree Anson | J22: ='week 1'!J22 -> 46173
F23: Employee signature | J23: Date
F24: Eric Morris | J24: 46173
F25: Manager signature | J25: Date
