Workbook

Sheet Totals
A1: Week Ending | B1: Total Hours | C1: Notes
A2: 46145 | B2: ='WE 05-03'!G18 -> 8
A3: =A2+7 -> 46152 | B3: ='WE 05-10'!G18 -> 40
A4: =A3+7 -> 46159 | B4: ='WE 05-17'!G18 -> 40
A5: =A4+7 -> 46166 | B5: ='WE 05-24'!G18 -> 40
A6: =A5+7 -> 46173 | B6: ='WE 05-31'!G18 -> 32 | C6: May 25th- Memorial Day Holiday
A7: Month Total: | B7: =SUM(B2:B6) -> 160

Sheet WE 05-03
J1: Weekly Time Record
B4: 14159A Robert Paris Court | H4: Week Ending | I4: =C17 -> 46145
B5: Chantilly, VA 20151
I6: Saravanan Swaminathan
B7: Phone: | C7: 703-232-1567 | I7: sw.saravanan@yahoo.com
B8: Timesheets@ajace.com | I8: 6673699753
B10: Day | C10: Date | D10: In | E10: Out | F10: Time out (HH:MM) | G10: Regular (billable) Hrs. | H10: Sick Hrs. (nonbillable) | I10: Vacation Hrs. (nonbillable) | J10: Total Hrs.
B11: Monday | C11: 46139 | J11: =SUM(G11:I11) -> 0
B12: Tuesday | C12: =C11+1 -> 46140 | J12: =SUM(G12:I12) -> 0
B13: Wednesday | C13: =C12+1 -> 46141 | J13: =SUM(G13:I13) -> 0
B14: Thursday | C14: =C13+1 -> 46142 | J14: =SUM(G14:I14) -> 0
B15: Friday | C15: =C14+1 -> 46143 | D15: 0.33333333 | E15: 0.6875 | F15: 0.020833333 | G15: =((E15-D15)-F15)*24 -> 8 | J15: =SUM(G15:I15) -> 8
B16: Saturday | C16: =C15+1 -> 46144 | J16: =SUM(G16:I16) -> 0
B17: Sunday | C17: =C16+1 -> 46145 | J17: =SUM(G17:I17) -> 0
F18: Total Hrs. | G18: =SUM(G11:G17) -> 8 | H18: =SUM(H11:H17) -> 0 | I18: =SUM(I11:I17) -> 0 | J18: =SUM(J11:J17) -> 8
F22: Saravanan Swaminathan | J22: 46171
F23: Employee signature | J23: Date
F24: Eric Morris | J24: 46171
F25: Manager signature | J25: Date

Sheet WE 05-10
J1: Weekly Time Record
B4: 14159A Robert Paris Court | H4: Week Ending | I4: =C17 -> 46152
B5: Chantilly, VA 20151
I6: Saravanan Swaminathan
B7: Phone: | C7: 703-232-1567 | I7: sw.saravanan@yahoo.com
B8: Timesheets@ajace.com | I8: 6673699753
B10: Day | C10: Date | D10: In | E10: Out | F10: Time out (HH:MM) | G10: Regular (billable) Hrs. | H10: Sick Hrs. (nonbillable) | I10: Vacation Hrs. (nonbillable) | J10: Total Hrs.
B11: Monday | C11: 46146 | D11: 0.33333333 | E11: 0.6875 | F11: 0.020833333 | G11: =((E11-D11)-F11)*24 -> 8 | J11: =SUM(G11:I11) -> 8
B12: Tuesday | C12: =C11+1 -> 46147 | D12: 0.33333333 | E12: 0.6875 | F12: 0.020833333 | G12: =((E12-D12)-F12)*24 -> 8 | J12: =SUM(G12:I12) -> 8
B13: Wednesday | C13: =C12+1 -> 46148 | D13: 0.33333333 | E13: 0.6875 | F13: 0.020833333 | G13: =((E13-D13)-F13)*24 -> 8 | J13: =SUM(G13:I13) -> 8
B14: Thursday | C14: =C13+1 -> 46149 | D14: 0.33333333 | E14: 0.6875 | F14: 0.020833333 | G14: =((E14-D14)-F14)*24 -> 8 | J14: =SUM(G14:I14) -> 8
B15: Friday | C15: =C14+1 -> 46150 | D15: 0.33333333 | E15: 0.6875 | F15: 0.020833333 | G15: =((E15-D15)-F15)*24 -> 8 | J15: =SUM(G15:I15) -> 8
B16: Saturday | C16: =C15+1 -> 46151 | J16: =SUM(G16:I16) -> 0
B17: Sunday | C17: =C16+1 -> 46152 | J17: =SUM(G17:I17) -> 0
F18: Total Hrs. | G18: =SUM(G11:G17) -> 40 | H18: =SUM(H11:H17) -> 0 | I18: =SUM(I11:I17) -> 0 | J18: =SUM(J11:J17) -> 40
F22: Saravanan Swaminathan | J22: 46171
F23: Employee signature | J23: Date
F24: Eric Morris | J24: 46171
F25: Manager signature | J25: Date

Sheet WE 05-17
J1: Weekly Time Record
B4: 14159A Robert Paris Court | H4: Week Ending | I4: =C17 -> 46159
B5: Chantilly, VA 20151
I6: Saravanan Swaminathan
B7: Phone: | C7: 703-232-1567 | I7: sw.saravanan@yahoo.com
B8: Timesheets@ajace.com | I8: 6673699753
B10: Day | C10: Date | D10: In | E10: Out | F10: Time out (HH:MM) | G10: Regular (billable) Hrs. | H10: Sick Hrs. (nonbillable) | I10: Vacation Hrs. (nonbillable) | J10: Total Hrs.
B11: Monday | C11: 46153 | D11: 0.33333333 | E11: 0.6875 | F11: 0.020833333 | G11: =((E11-D11)-F11)*24 -> 8 | J11: =SUM(G11:I11) -> 8
B12: Tuesday | C12: =C11+1 -> 46154 | D12: 0.33333333 | E12: 0.6875 | F12: 0.020833333 | G12: =((E12-D12)-F12)*24 -> 8 | J12: =SUM(G12:I12) -> 8
B13: Wednesday | C13: =C12+1 -> 46155 | D13: 0.33333333 | E13: 0.6875 | F13: 0.020833333 | G13: =((E13-D13)-F13)*24 -> 8 | J13: =SUM(G13:I13) -> 8
B14: Thursday | C14: =C13+1 -> 46156 | D14: 0.33333333 | E14: 0.6875 | F14: 0.020833333 | G14: =((E14-D14)-F14)*24 -> 8 | J14: =SUM(G14:I14) -> 8
B15: Friday | C15: =C14+1 -> 46157 | D15: 0.33333333 | E15: 0.6875 | F15: 0.020833333 | G15: =((E15-D15)-F15)*24 -> 8 | J15: =SUM(G15:I15) -> 8
B16: Saturday | C16: =C15+1 -> 46158 | J16: =SUM(G16:I16) -> 0
B17: Sunday | C17: =C16+1 -> 46159 | J17: =SUM(G17:I17) -> 0
F18: Total Hrs. | G18: =SUM(G11:G17) -> 40 | H18: =SUM(H11:H17) -> 0 | I18: =SUM(I11:I17) -> 0 | J18: =SUM(J11:J17) -> 40
F22: Saravanan Swaminathan | J22: 46171
F23: Employee signature | J23: Date
F24: Eric Morris | J24: 46171
F25: Manager signature | J25: Date

Sheet WE 05-24
J1: Weekly Time Record
B4: 14159A Robert Paris Court | H4: Week Ending | I4: =C17 -> 46166
B5: Chantilly, VA 20151
I6: Saravanan Swaminathan
B7: Phone: | C7: 703-232-1567 | H7: . | I7: sw.saravanan@yahoo.com
B8: Timesheets@ajace.com | I8: 6673699753
B10: Day | C10: Date | D10: In | E10: Out | F10: Time out (HH:MM) | G10: Regular (billable) Hrs. | H10: Sick Hrs. (nonbillable) | I10: Vacation Hrs. (nonbillable) | J10: Total Hrs.
B11: Monday | C11: 46160 | D11: 0.33333333 | E11: 0.6875 | F11: 0.020833333 | G11: =((E11-D11)-F11)*24 -> 8 | J11: =SUM(G11:I11) -> 8
B12: Tuesday | C12: =C11+1 -> 46161 | D12: 0.33333333 | E12: 0.6875 | F12: 0.020833333 | G12: =((E12-D12)-F12)*24 -> 8 | J12: =SUM(G12:I12) -> 8
B13: Wednesday | C13: =C12+1 -> 46162 | D13: 0.33333333 | E13: 0.6875 | F13: 0.020833333 | G13: =((E13-D13)-F13)*24 -> 8 | J13: =SUM(G13:I13) -> 8
B14: Thursday | C14: =C13+1 -> 46163 | D14: 0.33333333 | E14: 0.6875 | F14: 0.020833333 | G14: =((E14-D14)-F14)*24 -> 8 | J14: =SUM(G14:I14) -> 8
B15: Friday | C15: =C14+1 -> 46164 | D15: 0.33333333 | E15: 0.6875 | F15: 0.020833333 | G15: =((E15-D15)-F15)*24 -> 8 | J15: =SUM(G15:I15) -> 8
B16: Saturday | C16: =C15+1 -> 46165 | G16: =((E16-D16)-F16)*24 -> 0 | J16: =SUM(G16:I16) -> 0
B17: Sunday | C17: =C16+1 -> 46166 | G17: =((E17-D17)-F17)*24 -> 0 | J17: =SUM(G17:I17) -> 0
F18: Total Hrs. | G18: =SUM(G11:G17) -> 40 | H18: =SUM(H11:H17) -> 0 | I18: =SUM(I11:I17) -> 0 | J18: =SUM(J11:J17) -> 40
F22: Saravanan Swaminathan | J22: 46171
F23: Employee signature | J23: Date
F24: Eric Morris | J24: 46171
F25: Manager signature | J25: Date

Sheet WE 05-31
J1: Weekly Time Record
B4: 14159A Robert Paris Court | H4: Week Ending | I4: =C17 -> 46173
B5: Chantilly, VA 20151
I6: Saravanan Swaminathan
B7: Phone: | C7: 703-232-1567 | H7: . | I7: sw.saravanan@yahoo.com
B8: Timesheets@ajace.com | I8: 6673699753
B10: Day | C10: Date | D10: In | E10: Out | F10: Time out (HH:MM) | G10: Regular (billable) Hrs. | H10: Sick Hrs. (nonbillable) | I10: Vacation Hrs. (nonbillable) | J10: Total Hrs.
B11: Monday | C11: 46167 | I11: 8 | J11: =SUM(G11:I11) -> 8
B12: Tuesday | C12: =C11+1 -> 46168 | D12: 0.33333333 | E12: 0.6875 | F12: 0.020833333 | G12: =((E12-D12)-F12)*24 -> 8 | J12: =SUM(G12:I12) -> 8
B13: Wednesday | C13: =C12+1 -> 46169 | D13: 0.33333333 | E13: 0.6875 | F13: 0.020833333 | G13: =((E13-D13)-F13)*24 -> 8 | J13: =SUM(G13:I13) -> 8
B14: Thursday | C14: =C13+1 -> 46170 | D14: 0.33333333 | E14: 0.6875 | F14: 0.020833333 | G14: =((E14-D14)-F14)*24 -> 8 | J14: =SUM(G14:I14) -> 8
B15: Friday | C15: =C14+1 -> 46171 | D15: 0.33333333 | E15: 0.6875 | F15: 0.020833333 | G15: =((E15-D15)-F15)*24 -> 8 | J15: =SUM(G15:I15) -> 8
B16: Saturday | C16: =C15+1 -> 46172 | G16: =((E16-D16)-F16)*24 -> 0 | J16: =SUM(G16:I16) -> 0
B17: Sunday | C17: =C16+1 -> 46173 | G17: =((E17-D17)-F17)*24 -> 0 | J17: =SUM(G17:I17) -> 0
F18: Total Hrs. | G18: =SUM(G11:G17) -> 32 | H18: =SUM(H11:H17) -> 0 | I18: =SUM(I11:I17) -> 8 | J18: =SUM(J11:J17) -> 40
F22: Saravanan Swaminathan | J22: 46171
F23: Employee signature | J23: Date
F24: Eric Morris | J24: 46171
F25: Manager signature | J25: Date
