Workbook

Sheet Totals
A1: Week Ending | B1: Total Hours | C1: Remarks
A2: 46117 | B2: ='we 04-05'!G18 -> 24
A3: =A2+7 -> 46124 | B3: ='we 04-12'!G18 -> 40
A4: =A3+7 -> 46131 | B4: ='we 04-19'!G18 -> 40
A5: =A4+7 -> 46138 | B5: ='we 04-26'!G18 -> 40
A6: =A5+7 -> 46145 | B6: ='we 05-03'!G18 -> 32
A7: Month Total: | B7: =SUM(B2:B6) -> 176

Sheet we 04-05
J1: Weekly Time Record
B4: 14159A Robert Paris Court | H4: Week Ending | I4: =C17 -> 46117
B5: Chantilly, VA 20151
I6: Sivasubramanian Selvaraj
B7: Phone: | C7: 703-997-2941 | I7: siva.sathish@gmail.com
B8: Timesheets@ajace.com | I8: (347) 216 2572
B10: Day | C10: Date | D10: In | E10: Out | F10: Time out (HH:MM) | G10: Regular (billable) Hrs. | H10: Sick Hrs. (nonbillable) | I10: Vacation Hrs. (nonbillable) | J10: Total Hrs.
B11: Monday | C11: 46111 | J11: =SUM(G11:I11) -> 0
B12: Tuesday | C12: =C11+1 -> 46112 | J12: =SUM(G12:I12) -> 0
B13: Wednesday | C13: =C12+1 -> 46113 | D13: 0.33333333 | E13: 0.66666667 | G13: =((E13-D13)-F13)*24 -> 8 | J13: =SUM(G13:I13) -> 8
B14: Thursday | C14: =C13+1 -> 46114 | D14: 0.33333333 | E14: 0.66666667 | G14: =((E14-D14)-F14)*24 -> 8 | J14: =SUM(G14:I14) -> 8
B15: Friday | C15: =C14+1 -> 46115 | D15: 0.3125 | E15: 0.66666667 | F15: 0.020833333 | G15: =((E15-D15)-F15)*24 -> 8 | J15: =SUM(G15:I15) -> 8
B16: Saturday | C16: =C15+1 -> 46116 | J16: =SUM(G16:I16) -> 0
B17: Sunday | C17: =C16+1 -> 46117 | J17: =SUM(G17:I17) -> 0
F18: Total Hrs. | G18: =SUM(G11:G16) -> 24 | H18: =SUM(H11:H17) -> 0 | I18: =SUM(I11:I17) -> 0 | J18: =SUM(J11:J17) -> 24
F22: Sivasubramanian Selvaraj | J22: 46143
F23: Employee signature | J23: Date
F24: Sherril Tart
F25: Manager signature | J25: Date

Sheet we 04-12
J1: Weekly Time Record
B4: 14159A Robert Paris Court | H4: Week Ending | I4: =C17 -> 46124
B5: Chantilly, VA 20151
I6: Sivasubramanian Selvaraj
B7: Phone: | C7: 703-997-2941 | I7: siva.sathish@gmail.com
B8: Timesheets@ajace.com | I8: (347) 216 2572
B10: Day | C10: Date | D10: In | E10: Out | F10: Time out (HH:MM) | G10: Regular (billable) Hrs. | H10: Sick Hrs. (nonbillable) | I10: Vacation Hrs. (nonbillable) | J10: Total Hrs.
B11: Monday | C11: 46118 | D11: 0.3125 | E11: 0.66666667 | F11: 0.020833333 | G11: =((E11-D11)-F11)*24 -> 8 | J11: =SUM(G11:I11) -> 8
B12: Tuesday | C12: =C11+1 -> 46119 | D12: 0.3125 | E12: 0.66666667 | F12: 0.020833333 | G12: =((E12-D12)-F12)*24 -> 8 | J12: =SUM(G12:I12) -> 8
B13: Wednesday | C13: =C12+1 -> 46120 | D13: 0.33333333 | E13: 0.66666667 | G13: =((E13-D13)-F13)*24 -> 8 | J13: =SUM(G13:I13) -> 8
B14: Thursday | C14: =C13+1 -> 46121 | D14: 0.33333333 | E14: 0.66666667 | G14: =((E14-D14)-F14)*24 -> 8 | J14: =SUM(G14:I14) -> 8
B15: Friday | C15: =C14+1 -> 46122 | D15: 0.3125 | E15: 0.66666667 | F15: 0.020833333 | G15: =((E15-D15)-F15)*24 -> 8 | J15: =SUM(G15:I15) -> 8
B16: Saturday | C16: =C15+1 -> 46123 | J16: =SUM(G16:I16) -> 0
B17: Sunday | C17: =C16+1 -> 46124 | G17: =((E17-D17)-F17)*24 -> 0 | J17: =SUM(G17:I17) -> 0
F18: Total Hrs. | G18: =SUM(G11:G17) -> 40 | H18: =SUM(H11:H17) -> 0 | I18: =SUM(I11:I17) -> 0 | J18: =SUM(J11:J17) -> 40
F22: Sivasubramanian Selvaraj | J22: 46143
F23: Employee signature | J23: Date
F24: Sherril Tart
F25: Manager signature | J25: Date

Sheet we 04-19
J1: Weekly Time Record
B4: 14159A Robert Paris Court | H4: Week Ending | I4: =C17 -> 46131
B5: Chantilly, VA 20151
I6: Sivasubramanian Selvaraj
B7: Phone: | C7: 703-997-2941 | I7: siva.sathish@gmail.com
B8: Timesheets@ajace.com | I8: (347) 216 2572
B10: Day | C10: Date | D10: In | E10: Out | F10: Time out (HH:MM) | G10: Regular (billable) Hrs. | H10: Sick Hrs. (nonbillable) | I10: Vacation Hrs. (nonbillable) | J10: Total Hrs.
B11: Monday | C11: 46125 | D11: 0.3125 | E11: 0.66666667 | F11: 0.020833333 | G11: =((E11-D11)-F11)*24 -> 8 | J11: =SUM(G11:I11) -> 8
B12: Tuesday | C12: =C11+1 -> 46126 | D12: 0.3125 | E12: 0.66666667 | F12: 0.020833333 | G12: =((E12-D12)-F12)*24 -> 8 | J12: =SUM(G12:I12) -> 8
B13: Wednesday | C13: =C12+1 -> 46127 | D13: 0.33333333 | E13: 0.66666667 | G13: =((E13-D13)-F13)*24 -> 8 | J13: =SUM(G13:I13) -> 8
B14: Thursday | C14: =C13+1 -> 46128 | D14: 0.33333333 | E14: 0.66666667 | G14: =((E14-D14)-F14)*24 -> 8 | J14: =SUM(G14:I14) -> 8
B15: Friday | C15: =C14+1 -> 46129 | D15: 0.3125 | E15: 0.66666667 | F15: 0.020833333 | G15: =((E15-D15)-F15)*24 -> 8 | J15: =SUM(G15:I15) -> 8
B16: Saturday | C16: =C15+1 -> 46130 | G16: =((E16-D16)-F16)*24 -> 0 | J16: =SUM(G16:I16) -> 0
B17: Sunday | C17: =C16+1 -> 46131 | G17: =((E17-D17)-F17)*24 -> 0 | J17: =SUM(G17:I17) -> 0
F18: Total Hrs. | G18: =SUM(G11:G17) -> 40 | H18: =SUM(H11:H17) -> 0 | I18: =SUM(I11:I17) -> 0 | J18: =SUM(J11:J17) -> 40
F22: Sivasubramanian Selvaraj | J22: 46143
F23: Employee signature | J23: Date
F24: Sherril Tart
F25: Manager signature | J25: Date

Sheet we 04-26
J1: Weekly Time Record
B4: 14159A Robert Paris Court | H4: Week Ending | I4: =C17 -> 46138
B5: Chantilly, VA 20151
I6: Sivasubramanian Selvaraj
B7: Phone: | C7: 703-997-2941 | I7: siva.sathish@gmail.com
B8: Timesheets@ajace.com | I8: (347) 216 2572
B10: Day | C10: Date | D10: In | E10: Out | F10: Time out (HH:MM) | G10: Regular (billable) Hrs. | H10: Sick Hrs. (nonbillable) | I10: Vacation Hrs. (nonbillable) | J10: Total Hrs.
B11: Monday | C11: 46132 | D11: 0.3125 | E11: 0.66666667 | F11: 0.020833333 | G11: =((E11-D11)-F11)*24 -> 8 | J11: =SUM(G11:I11) -> 8
B12: Tuesday | C12: =C11+1 -> 46133 | D12: 0.3125 | E12: 0.66666667 | F12: 0.020833333 | G12: =((E12-D12)-F12)*24 -> 8 | J12: =SUM(G12:I12) -> 8
B13: Wednesday | C13: =C12+1 -> 46134 | D13: 0.33333333 | E13: 0.66666667 | G13: =((E13-D13)-F13)*24 -> 8 | J13: =SUM(G13:I13) -> 8
B14: Thursday | C14: =C13+1 -> 46135 | D14: 0.33333333 | E14: 0.66666667 | G14: =((E14-D14)-F14)*24 -> 8 | J14: =SUM(G14:I14) -> 8
B15: Friday | C15: =C14+1 -> 46136 | D15: 0.3125 | E15: 0.66666667 | F15: 0.020833333 | G15: =((E15-D15)-F15)*24 -> 8 | J15: =SUM(G15:I15) -> 8
B16: Saturday | C16: =C15+1 -> 46137 | J16: =SUM(G16:I16) -> 0
B17: Sunday | C17: =C16+1 -> 46138 | J17: =SUM(G17:I17) -> 0
F18: Total Hrs. | G18: =SUM(G11:G16) -> 40 | H18: =SUM(H11:H17) -> 0 | I18: =SUM(I11:I17) -> 0 | J18: =SUM(J11:J17) -> 40
F22: Sivasubramanian Selvaraj | J22: 46143
F23: Employee signature | J23: Date
F24: Sherril Tart
F25: Manager signature | J25: Date

Sheet we 05-03
J1: Weekly Time Record
B4: 14159A Robert Paris Court | H4: Week Ending | I4: =C17 -> 46145
B5: Chantilly, VA 20151
I6: Sivasubramanian Selvaraj
B7: Phone: | C7: 703-997-2941 | I7: siva.sathish@gmail.com
B8: Timesheets@ajace.com | I8: (347) 216 2572
B10: Day | C10: Date | D10: In | E10: Out | F10: Time out (HH:MM) | G10: Regular (billable) Hrs. | H10: Sick Hrs. (nonbillable) | I10: Vacation Hrs. (nonbillable) | J10: Total Hrs.
B11: Monday | C11: 46139 | D11: 0.3125 | E11: 0.66666667 | F11: 0.020833333 | G11: =((E11-D11)-F11)*24 -> 8 | J11: =SUM(G11:I11) -> 8
B12: Tuesday | C12: =C11+1 -> 46140 | D12: 0.3125 | E12: 0.66666667 | F12: 0.020833333 | G12: =((E12-D12)-F12)*24 -> 8 | J12: =SUM(G12:I12) -> 8
B13: Wednesday | C13: =C12+1 -> 46141 | D13: 0.33333333 | E13: 0.66666667 | G13: =((E13-D13)-F13)*24 -> 8 | J13: =SUM(G13:I13) -> 8
B14: Thursday | C14: =C13+1 -> 46142 | D14: 0.33333333 | E14: 0.66666667 | G14: =((E14-D14)-F14)*24 -> 8 | J14: =SUM(G14:I14) -> 8
B15: Friday | C15: =C14+1 -> 46143 | J15: =SUM(G15:I15) -> 0
B16: Saturday | C16: =C15+1 -> 46144 | J16: =SUM(G16:I16) -> 0
B17: Sunday | C17: =C16+1 -> 46145 | J17: =SUM(G17:I17) -> 0
F18: Total Hrs. | G18: =SUM(G11:G16) -> 32 | H18: =SUM(H11:H17) -> 0 | I18: =SUM(I11:I17) -> 0 | J18: =SUM(J11:J17) -> 32
F22: Sivasubramanian Selvaraj | J22: 46143
F23: Employee signature | J23: Date
F24: Sherril Tart
F25: Manager signature | J25: Date
